subreddit_name,subscribers,submission_titles_containing_toxic_words,submissions_containing_toxic_words,total_submissions_score,comments_containing_toxic_words,total_comments_score,is_toxic
news,21897229,9,0,100,24,172,1
csgo,391986,11,9,124,13,119,1
dankmemes,4064247,2,0,107,13,205,1
tumblrinaction,485944,6,0,217,46,100,1
relationships,2977305,5,99,100,13,100,1
movies,23845831,0,7,100,3,404,1
gaming,28091535,2,3,101,11,160,1
4chan,1166572,13,0,256,45,100,1
politics,6634394,10,0,101,17,100,1
leagueoflegends,4636751,1,16,100,12,247,1
apexlegends,1096270,7,22,100,21,143,1
trashy,2190264,10,0,164,15,1216,1
niceguys,1248486,12,0,259,7,558,1
unpopularopinion,1651911,9,19,101,23,466,1
insanepeoplefacebook,1965740,11,0,102,32,248,1
choosingbeggars,1973105,9,15,148,11,272,1
nottheonion,17857283,8,0,100,14,754,1
copypasta,724228,12,196,102,112,148,1
roastme,2028908,7,0,100,14,122,1
publicfreakout,2820788,4,0,100,20,258,1
politicalhumor,1107484,6,0,102,13,366,1
agedlikemilk,599315,1,0,149,33,1096,1
sports,17937223,0,0,116,21,166,1
therightcantmeme,247700,5,0,153,24,240,1
rareinsults,1531696,11,0,102,18,221,1
gamingcirclejerk,396223,11,13,100,21,423,1
tifu,16360078,14,157,100,21,816,1
joerogan,618028,3,1,232,24,1573,1
quityourbullshit,1479198,12,0,129,28,621,1
toiletpaperusa,248363,7,0,338,24,459,1
cyberpunkgame,379603,5,0,100,7,100,1
bad_cop_no_donut,464309,15,0,288,51,156,1
greentext,1041822,7,0,297,34,490,1
iamverysmart,1430080,9,0,100,34,109,1
notlikeothergirls,233615,7,0,100,10,201,1
tumblr,900344,4,0,101,7,573,1
tiktokcringe,601992,3,0,104,48,116,1
shitpostcrusaders,732057,5,0,100,11,302,1
relationship_advice,4118281,13,91,101,28,131,1
rainbow6,1226705,7,15,101,18,213,1
teenagers,2179935,9,39,104,16,212,1
truegaming,1014760,1,64,114,27,100,1
winstupidprizes,1157141,16,0,178,10,662,1
madlads,1611706,7,0,128,7,1759,1
cursedcomments,2111414,4,0,102,3,133,1
iamverybadass,1013876,7,0,111,18,176,1
blursedimages,1729181,2,0,105,20,444,1
makemesuffer,870301,12,0,102,17,441,1
modernwarfare,901676,11,21,100,37,229,1
destiny2,536271,2,15,100,15,154,1
dota2,757273,5,16,100,12,200,1
jokes,19300623,4,15,102,20,306,1
bonehurtingjuice,749383,4,0,129,2,641,1
askouija,711163,12,0,100,1,270,1
tihi,1107747,6,0,102,16,221,1
facepalm,4584670,6,0,101,10,103,1
justneckbeardthings,734896,6,0,112,16,149,1
gatekeeping,778294,3,0,196,17,168,1
forhonor,320751,8,7,101,10,246,1
holup,1173507,5,0,107,16,267,1
propagandaposters,371943,11,0,171,11,139,1
mensrights,281226,14,26,116,57,191,1
prorevenge,1045321,14,88,153,23,545,1
gamernews,460762,0,0,101,14,540,1
okbuddyretard,782021,11,0,103,13,191,1
programmerhumor,1322393,1,0,100,10,189,1
fragilewhiteredditor,201532,16,0,113,34,107,1
insaneparents,1165907,13,0,240,18,143,1
entitledparents,1345531,21,107,160,19,463,1
announcements,,0,0,0,16,103,1
askreddit,29910946,4,0,100,15,178,0
earthporn,20539472,2,0,102,7,248,0
lifeprotips,18511091,14,0,100,5,100,0
gadgets,17422996,1,0,100,14,150,0
absoluteunits,750108,6,0,150,7,177,0
aww,26760220,6,0,106,5,695,0
explainlikeimfive,18595638,6,2,100,15,100,0
todayilearned,23903054,5,0,100,21,477,0
anime,1883376,2,24,100,12,200,0
nutrition,1165174,9,10,103,29,112,0
classicalmusic,1181576,0,4,110,2,206,0
funny,33374734,3,0,102,8,315,0
fishing,758774,1,6,180,5,161,0
python,671785,1,0,116,6,289,0
photoshopbattles,16608883,8,0,102,0,137,0
justrolledintotheshop,1039291,7,1,360,14,349,0
nostupidquestions,1934913,10,10,100,15,176,0
pcmasterrace,4299599,3,1,100,5,256,0
coolguides,1870593,3,0,162,12,124,0
rarepuppers,2556899,1,0,109,0,169,0
eatcheapandhealthy,2390170,3,4,118,3,179,0
cooking,2172451,2,17,108,10,212,0
backpacking,2061972,0,3,102,4,134,0
pics,25940156,0,0,102,17,234,0
elderscrollsonline,303877,5,12,100,10,102,0
mademesmile,2433663,4,0,101,14,369,0
oddlysatisfying,5007896,3,0,100,4,245,0
showerthoughts,21024071,5,0,100,13,311,0
humansbeingbros,2079620,12,0,100,9,265,0
animalsbeingderps,2837944,1,0,154,11,946,0
astronomy,1575335,2,3,119,6,115,0
harrypotter,904225,1,15,100,6,445,0
unexpected,3231359,5,0,100,8,214,0
wholesomememes,8053703,3,0,103,8,376,0
holdmyredbull,831814,5,0,100,9,100,0
snowboarding,918595,3,9,105,10,194,0
bicycling,815939,1,3,146,3,167,0
penmanshipporn,603206,1,0,100,8,161,0
tennis,553620,3,6,179,7,219,0
sysadmin,512054,1,10,107,9,206,0
getmotivated,16616409,3,1,135,19,153,0
adviceanimals,9156007,5,0,163,18,276,0
gifs,20449408,3,0,143,25,172,0
cozyplaces,1509450,2,0,337,2,830,0
analog,1025348,0,5,101,6,153,0
outoftheloop,1928596,3,2,98,58,122,0
startledcats,933002,2,0,196,18,129,0
toptalent,1085116,3,0,159,21,412,0
specializedtools,1002165,0,0,361,5,452,0
dnd,2083922,1,25,100,15,251,0
seaofthieves,294186,2,10,144,15,143,0
roblox,255765,3,1,100,11,115,0
maybemaybemaybe,1047234,0,0,123,11,233,0
food,19932166,3,0,102,2,250,0
nevertellmetheodds,1680173,9,0,173,17,170,0
naturewasmetal,312224,3,0,105,4,769,0
thatsinsane,730011,9,0,167,17,261,0
hmmm,1582191,0,0,101,15,169,0
skyrim,989633,4,13,102,5,177,0
compsci,1097896,0,2,185,2,181,0
mtb,195026,0,3,123,8,100,0
stardewvalley,658427,2,3,269,13,257,0
mechanicalkeyboards,711842,0,1,100,2,159,0
youshouldknow,2543378,3,8,128,22,306,0
mechanical_gifs,664644,0,0,61,20,329,0
art,18492304,0,0,103,3,135,0
baking,476095,0,0,113,8,166,0
dadjokes,3245925,5,1,101,7,717,0
smashbrosultimate,371358,2,4,100,11,169,0
datascience,304258,1,6,103,9,261,0
persona5,264746,0,2,119,24,153,0
doctorwho,416995,3,1,98,7,128,0
deeprockgalactic,52355,3,6,190,11,193,0
diy,18042284,4,1,100,4,413,0
machinelearning,1352451,5,2,97,9,356,0
gardening,3086064,6,4,101,10,187,0
warframe,465752,5,13,100,23,106,0
monsterhunterworld,429811,4,18,102,7,268,0
edmproduction,377080,0,4,106,27,105,0
borderlands3,355124,6,22,150,23,160,0
